SUN SONG,S97032767K
LIN ZHI JIA,S97030947W
YEO YONG JUN,S97036963P
LIM HAO CHONG,S97037365I
IAN YANG HAN JUN,S97036650N
WENDY LOW YU SHI,S97033599O
KOH JIA CHEE,S97035942W
TAN SONG KANG,S97038603L
JANDINERO LEE JIA,S97039669I
WANG HAN,S97030577K
SUN JIE SENG,S97033364K
ANG QI YAN,S97039009V
AATIYA BIN JAMIL,S97033194E
WONG KAI CHEE,S97037645A
ROGER LEE CHONG,S97035564S
LEE JUN JIE,S97037900I
ELDO WANG MING YEE,S97032468O
HARUUN BIN LESA,S97032481A
LIM SENG CHEE,S97039475D
LEE HAN WEN,S97038614H
LIM CHEE KOW,S97032588L
TAN KE ZHI,S97038146W
ZHOU WEI CHEE,S97037169C
LOY LIN ZHI CHONG,S97036622A
JANET TOH YAN JUNG,S97039946O
ZHOU KE,S97034794A
